Lesson,Folder
100Deals,6. Practice Deals/100 Miscellaneous Deals
100NT,6. Practice Deals/100 NT Openings
2Club,2. Bidding Conventions/Strong 2C-Bids
2over1,2. Bidding Conventions/2-Over-1
Blackwood,2. Bidding Conventions/Blackwood and Gerber
Cue-bid,3. Competitive Bidding/Support Cue-bids
DONT,3. Competitive Bidding/DONT
Drury,2. Bidding Conventions/Reverse Drury
Eliminations,4. Declarer Play/Elimination Plays
Entries,4. Declarer Play/Entry Management
Establishment,4. Declarer Play/Suit Establishment
FSF,2. Bidding Conventions/Fourth Suit Forcing
Finesse,4. Declarer Play/Finessing
Help,2. Bidding Conventions/Help Suit Game Try
Holdup,4. Declarer Play/Holdup Plays
Jacoby,2. Bidding Conventions/Jacoby 2NT and Splinter Bids
Leben,3. Competitive Bidding/Lebensohl over 1NT Interference
Major,1. Basic Bidding/Major Suit Openings
Michaels,3. Competitive Bidding/Michaels Cue Bids and Unusual 2NT
Minor,1. Basic Bidding/Minor Suit Openings
NMF,2. Bidding Conventions/New Minor Forcing
Negative,3. Competitive Bidding/Negative Doubles
Notrump,1. Basic Bidding/Notrump Openings
OLead,5. Defense/Opening Leads
Ogust,2. Bidding Conventions/Ogust after Weak 2-Bid
Overcalls,3. Competitive Bidding/Overcalls
Preempt,2. Bidding Conventions/Preemptive Bids
Reverse,2. Bidding Conventions/Reverse Bid
Roman,2. Bidding Conventions/Keycard Blackwood 1430
SecondHand,5. Defense/Second Hand Play
Partnership-BasicNotrump,7. Partnership Bidding/Very Basic Notrump Bidding
Partnership-BasicMajor,7. Partnership Bidding/Very Basic Major Suit Bidding
Partnership-BasicBidding,7. Partnership Bidding/Basic Bidding With No Conventions
Partnership-StaymanTransfers,7. Partnership Bidding/Stayman and Jacoby Transfers
Partnership-WeakTwos,7. Partnership Bidding/Weak Two-Bids and Preemptive Three Bids
Partnership-TwoClub,7. Partnership Bidding/Strong Two-Club Openings
Partnership-Blackwood,7. Partnership Bidding/Blackwood and Gerber
Partnership-RomanKeyCard,7. Partnership Bidding/Roman Key Card Blackwood
Partnership-Jacoby2NT,7. Partnership Bidding/Jacoby 2NT and Splinter Bids
Partnership-Overcalls,7. Partnership Bidding/Competitive Bidding - Overcalls and Takeout Doubles
Partnership-NegativeDoubles,7. Partnership Bidding/Competitive Bidding - Negative Doubles and Cue-Bid Support
Partnership-AdvancedForcing,7. Partnership Bidding/4th Suit Forcing, New Minor Forcing and Help Suit Game Tries
Signals,5. Defense/Defensive Signals
Squeeze,4. Declarer Play/Squeeze Plays
Stayman,2. Bidding Conventions/Stayman
Takeout,3. Competitive Bidding/Takeout Doubles
ThirdHand,5. Defense/Third Hand Play
Transfers,2. Bidding Conventions/Jacoby Transfers
Trumpmgmt,4. Declarer Play/Trump Management
Weak2,2. Bidding Conventions/Weak 2-Bids
